file,xcenter,ycenter,width,height,class
road0.png,0.5730337078651685,0.3675,0.41198501872659177,0.425,0
road1.png,0.515,0.607773851590106,0.26,0.7703180212014135,0
road10.png,0.4375,0.49812734082397003,0.345,0.9737827715355806,0
road100.png,0.4975,0.42987012987012985,0.82,0.8337662337662337,2
road101.png,0.73375,0.5025,0.4925,0.935,2
road102.png,0.35,0.5299625468164794,0.515,0.7752808988764045,2
road103.png,0.4825,0.49335548172757476,0.52,0.8205980066445183,2
road104.png,0.49,0.49313186813186816,0.74,0.9093406593406593,2
road105.png,0.5133333333333333,0.65375,0.8466666666666667,0.5775,2
road106.png,0.4943820224719101,0.47,0.23220973782771537,0.19,2
road107.png,0.5046875,0.33625,0.446875,0.4875,2
road108.png,0.45,0.5426829268292683,0.03,0.044715447154471545,2
road109.png,0.64875,0.5056179775280899,0.0825,0.11235955056179775,2
road11.png,0.49375,0.38333333333333336,0.0475,0.11333333333333333,0
road11.png,0.81,0.62,0.035,0.09333333333333334,0
road110.png,0.71625,0.35767790262172283,0.4525,0.6404494382022472,2
road111.png,0.17,0.4700374531835206,0.165,0.250936329588015,2
road112.png,0.51125,0.30711610486891383,0.3375,0.5243445692883895,2
road113.png,0.5975,0.40875912408759124,0.34,0.5401459854014599,2
road114.png,0.71625,0.27125506072874495,0.1625,0.2834008097165992,2
road115.png,0.48125,0.49777777777777776,0.2575,0.43555555555555553,2
road116.png,0.84875,0.24,0.1475,0.2222222222222222,2
road117.png,0.64125,0.3,0.1625,0.31555555555555553,2
road118.png,0.72,0.4419475655430712,0.53,0.7940074906367042,2
road119.png,0.7025,0.32771535580524347,0.28,0.4232209737827715,2
road12.png,0.4546875,0.28125,0.059375,0.1025,0
road12.png,0.95625,0.29,0.075,0.095,0
road120.png,0.38625,0.43992932862190814,0.3775,0.7385159010600707,2
road121.png,0.67,0.4568106312292359,0.555,0.7475083056478405,2
road122.png,0.4507874015748031,0.32625,0.7440944881889764,0.5325,3
road123.png,0.5275,0.44370860927152317,0.3,0.40397350993377484,3
road124.png,0.411144578313253,0.5,0.4126506024096386,0.375,3
road124.png,0.8448795180722891,0.50125,0.3042168674698795,0.4175,0
road124.png,0.6566265060240963,0.86875,0.24096385542168675,0.2475,0
road124.png,0.8990963855421686,0.87,0.20180722891566266,0.25,0
road125.png,0.34269662921348315,0.22875,0.5730337078651685,0.3275,3
road126.png,0.5149253731343284,0.32375,0.26865671641791045,0.2475,3
road127.png,0.725,0.2962264150943396,0.11,0.16981132075471697,3
road127.png,0.91875,0.15660377358490565,0.0425,0.1320754716981132,0
road127.png,0.96625,0.1490566037735849,0.0375,0.13962264150943396,0
road128.png,0.69625,0.45318352059925093,0.3125,0.5243445692883895,3
road129.png,0.4025,0.46254681647940077,0.25,0.35580524344569286,3
road129.png,0.65625,0.4756554307116105,0.1625,0.6367041198501873,0
road13.png,0.5056179775280899,0.5275,0.449438202247191,0.685,0
road130.png,0.42875,0.1423487544483986,0.0475,0.0711743772241993,3
road130.png,0.7925,0.5071174377224199,0.06,0.08185053380782918,3
road131.png,0.41625,0.07303370786516854,0.0525,0.08614232209737828,3
road131.png,0.77125,0.49063670411985016,0.0525,0.0898876404494382,3
road131.png,0.06625,0.601123595505618,0.0175,0.033707865168539325,0
road132.png,0.53375,0.175,0.1475,0.19666666666666666,3
road133.png,0.40375,0.46595744680851064,0.2925,0.4978723404255319,3
road134.png,0.66625,0.489010989010989,0.3525,0.6263736263736264,3
road135.png,0.72625,0.48380566801619435,0.3625,0.3603238866396761,3
road136.png,0.79125,0.3445692883895131,0.0875,0.15730337078651685,3
road136.png,0.30375,0.46254681647940077,0.0175,0.04868913857677903,0
road137.png,0.67625,0.37732342007434944,0.3175,0.4721189591078067,3
road138.png,0.49625,0.32166666666666666,0.1425,0.19,3
road139.png,0.5375,0.5178571428571429,0.54,0.7261904761904762,3
road14.png,0.700374531835206,0.68625,0.2546816479400749,0.3625,0
road140.png,0.325,0.3782771535580524,0.1,0.149812734082397,3
road141.png,0.48875,0.5266666666666666,0.2425,0.39555555555555555,3
road142.png,0.5488721804511278,0.4,0.43609022556390975,0.31,3
road143.png,0.33707865168539325,0.33,0.4344569288389513,0.295,3
road144.png,0.53875,0.4692622950819672,0.5625,0.7827868852459017,3
road145.png,0.495,0.4276315789473684,0.33,0.6008771929824561,3
road146.png,0.50125,0.4789156626506024,0.3175,0.7530120481927711,3
road147.png,0.485,0.41228070175438597,0.325,0.5877192982456141,3
road148.png,0.64,0.405,0.215,0.4166666666666667,3
road149.png,0.5,0.4369369369369369,0.385,0.5495495495495496,3
road15.png,0.51625,0.4850187265917603,0.1025,0.20599250936329588,0
road150.png,0.59625,0.3924914675767918,0.2875,0.40955631399317405,3
road151.png,0.51625,0.4191729323308271,0.2975,0.5601503759398496,3
road152.png,0.50125,0.49333333333333335,0.3775,0.6577777777777778,3
road153.png,0.57125,0.443620178041543,0.5875,0.887240356083086,3
road154.png,0.91875,0.4008810572687225,0.0525,0.07929515418502203,3
road154.png,0.2225,0.4977973568281938,0.025,0.05286343612334802,3
road155.png,0.295,0.43125,0.365,0.3175,3
road156.png,0.71125,0.3857677902621723,0.5225,0.7715355805243446,3
road156.png,0.32875,0.5692883895131086,0.1325,0.4419475655430712,0
road157.png,0.72,0.20625,0.12,0.0875,2
road158.png,0.655,0.3525,0.19,0.145,3
road159.png,0.64,0.46625,0.24666666666666667,0.1925,2
road16.png,0.5825,0.25201612903225806,0.04,0.15725806451612903,0
road16.png,0.28,0.46975806451612906,0.03,0.0846774193548387,0
road160.png,0.6916666666666667,0.5475,0.18333333333333332,0.145,3
road160.png,0.4816666666666667,0.67875,0.023333333333333334,0.0225,3
road160.png,0.6883333333333334,0.2825,0.17666666666666667,0.12,1
road161.png,0.68,0.19,0.17333333333333334,0.13,2
road162.png,0.47833333333333333,0.525,0.09666666666666666,0.095,2
road163.png,0.34,0.5775,0.49333333333333335,0.38,2
road164.png,0.49833333333333335,0.4175,0.17666666666666667,0.175,0
road165.png,0.48833333333333334,0.30625,0.18333333333333332,0.1975,3
road166.png,0.2783333333333333,0.5225,0.20333333333333334,0.16,3
road167.png,0.36666666666666664,0.49125,0.17333333333333334,0.1875,3
road167.png,0.38166666666666665,0.1775,0.19666666666666666,0.245,1
road168.png,0.6216666666666667,0.4725,0.11,0.085,3
road169.png,0.265,0.56,0.16333333333333333,0.155,2
road17.png,0.46441947565543074,0.3625,0.149812734082397,0.13,0
road170.png,0.6216666666666667,0.49625,0.11,0.0775,3
road170.png,0.335,0.48125,0.09,0.1225,0
road170.png,0.72,0.48625,0.06,0.1325,0
road170.png,0.485,0.58875,0.023333333333333334,0.0175,3
road171.png,0.505,0.5675,0.09,0.09,3
road172.png,0.4766666666666667,0.4425,0.06,0.045,2
road173.png,0.31833333333333336,0.33625,0.27,0.2075,2
road174.png,0.5866666666666667,0.26875,0.14666666666666667,0.1225,2
road175.png,0.6616666666666666,0.52125,0.17666666666666667,0.1425,2
road176.png,0.5166666666666667,0.32,0.25333333333333335,0.27,3
road176.png,0.21,0.42625,0.18,0.3925,0
road177.png,0.49666666666666665,0.1925,0.32,0.29,2
road178.png,0.2783333333333333,0.41875,0.21,0.1675,3
road179.png,0.6583333333333333,0.37625,0.03,0.0525,0
road179.png,0.7966666666666666,0.4725,0.02666666666666667,0.05,0
road179.png,0.12,0.47625,0.02666666666666667,0.0475,0
road179.png,0.15166666666666667,0.48,0.023333333333333334,0.045,0
road179.png,0.8366666666666667,0.465,0.02,0.03,3
road18.png,0.4796875,0.39875,0.396875,0.6025,0
road180.png,0.4066666666666667,0.34125,0.2866666666666667,0.3025,3
road181.png,0.7883333333333333,0.41375,0.07666666666666666,0.0575,2
road182.png,0.31333333333333335,0.3625,0.06,0.045,2
road183.png,0.6183333333333333,0.4175,0.15,0.12,3
road183.png,0.345,0.42,0.05,0.04,3
road183.png,0.455,0.4475,0.056666666666666664,0.12,0
road184.png,0.725,0.44125,0.27,0.1975,2
road185.png,0.6283333333333333,0.45625,0.03666666666666667,0.0425,1
road186.png,0.6866666666666666,0.45625,0.09333333333333334,0.0725,3
road187.png,0.6416666666666667,0.48375,0.09,0.0675,3
road188.png,0.33166666666666667,0.52875,0.25666666666666665,0.2025,2
road189.png,0.38666666666666666,0.37625,0.16666666666666666,0.1425,3
road189.png,0.5483333333333333,0.53375,0.05,0.0575,3
road19.png,0.40823970037453183,0.32625,0.0749063670411985,0.1325,0
road190.png,0.36,0.3925,0.15333333333333332,0.12,3
road191.png,0.645,0.4675,0.10333333333333333,0.09,2
road192.png,0.5633333333333334,0.65375,0.24,0.1925,2
road193.png,0.455,0.345,0.17666666666666667,0.14,3
road193.png,0.225,0.26125,0.15,0.2275,0
road194.png,0.39666666666666667,0.50125,0.24,0.1925,3
road194.png,0.695,0.65,0.10333333333333333,0.2,0
road195.png,0.54,0.53375,0.18,0.1825,0
road196.png,0.56,0.3225,0.24,0.175,2
road197.png,0.7533333333333333,0.375,0.11333333333333333,0.09,2
road198.png,0.30333333333333334,0.645,0.11333333333333333,0.09,2
road199.png,0.2633333333333333,0.3375,0.11333333333333333,0.09,2
road2.png,0.5196078431372549,0.7775,0.09803921568627451,0.205,0
road20.png,0.5015625,0.5075,0.184375,0.34,0
road200.png,0.26666666666666666,0.565,0.18666666666666668,0.155,3
road200.png,0.48333333333333334,0.68125,0.07333333333333333,0.1575,0
road200.png,0.685,0.83625,0.03,0.0725,0
road200.png,0.7216666666666667,0.84125,0.023333333333333334,0.0625,0
road201.png,0.4816666666666667,0.52375,0.23666666666666666,0.1775,2
road202.png,0.6166666666666667,0.55,0.16,0.12,2
road203.png,0.67,0.4225,0.16666666666666666,0.12,2
road204.png,0.605,0.4475,0.36333333333333334,0.27,3
road205.png,0.68,0.58125,0.36666666666666664,0.2725,3
road206.png,0.3416666666666667,0.38875,0.08333333333333333,0.0925,2
road207.png,0.6216666666666667,0.4875,0.07,0.055,2
road207.png,0.18,0.58625,0.14,0.1025,3
road208.png,0.535,0.36625,0.2633333333333333,0.2175,2
road209.png,0.44166666666666665,0.46875,0.2633333333333333,0.2175,2
road21.png,0.4816666666666667,0.18,0.06333333333333334,0.095,0
road21.png,0.29833333333333334,0.46,0.05,0.075,0
road21.png,0.58,0.2025,0.08,0.12,0
road21.png,0.3416666666666667,0.4625,0.03666666666666667,0.065,0
road21.png,0.47833333333333333,0.2575,0.06333333333333334,0.035,0
road210.png,0.63,0.36375,0.06666666666666667,0.0525,2
road211.png,0.5966666666666667,0.4775,0.1,0.075,2
road212.png,0.515,0.50875,0.03666666666666667,0.0275,2
road213.png,0.315,0.38125,0.043333333333333335,0.0325,2
road214.png,0.4533333333333333,0.43875,0.06,0.0475,2
road215.png,0.41,0.34375,0.08,0.0625,2
road216.png,0.49166666666666664,0.505,0.06333333333333334,0.045,2
road217.png,0.5983333333333334,0.435,0.07666666666666666,0.055,2
road218.png,0.565,0.48625,0.03666666666666667,0.0225,2
road219.png,0.45666666666666667,0.465,0.04,0.025,2
road22.png,0.40186915887850466,0.28125,0.1308411214953271,0.3475,0
road22.png,0.24766355140186916,0.245,0.1588785046728972,0.255,0
road22.png,0.6697819314641744,0.7475,0.42990654205607476,0.355,1
road220.png,0.44,0.40375,0.04666666666666667,0.0375,2
road221.png,0.475,0.49125,0.07666666666666666,0.0575,2
road222.png,0.5366666666666666,0.48625,0.04666666666666667,0.0325,2
road223.png,0.49333333333333335,0.44,0.07333333333333333,0.055,2
road224.png,0.5083333333333333,0.49625,0.043333333333333335,0.0325,2
road225.png,0.5566666666666666,0.5425,0.03333333333333333,0.025,2
road226.png,0.48333333333333334,0.465,0.07333333333333333,0.055,2
road226.png,0.585,0.4675,0.07666666666666666,0.055,2
road226.png,0.8533333333333334,0.3925,0.17333333333333334,0.13,3
road227.png,0.49,0.4675,0.04,0.03,2
road227.png,0.5416666666666666,0.47125,0.03666666666666667,0.0275,2
road228.png,0.5466666666666666,0.46875,0.05333333333333334,0.0425,2
road228.png,0.6116666666666667,0.4675,0.05,0.04,2
road229.png,0.43333333333333335,0.4525,0.06666666666666667,0.05,2
road229.png,0.5216666666666666,0.4525,0.07,0.05,2
road23.png,0.8609022556390977,0.38125,0.09774436090225563,0.1325,0
road230.png,0.43666666666666665,0.5,0.04666666666666667,0.035,2
road230.png,0.49666666666666665,0.5,0.04666666666666667,0.035,2
road231.png,0.46166666666666667,0.51375,0.07,0.0525,2
road231.png,0.5433333333333333,0.51125,0.06666666666666667,0.0475,2
road232.png,0.4483333333333333,0.56875,0.05,0.0325,2
road232.png,0.5,0.57,0.04,0.03,2
road233.png,0.445,0.51,0.06333333333333334,0.05,2
road233.png,0.5166666666666667,0.51125,0.05333333333333334,0.0425,2
road234.png,0.49166666666666664,0.63625,0.03666666666666667,0.0275,2
road234.png,0.5383333333333333,0.635,0.03666666666666667,0.03,2
road235.png,0.47833333333333333,0.585,0.05,0.035,2
road235.png,0.42333333333333334,0.58625,0.04666666666666667,0.0375,2
road236.png,0.49,0.3925,0.02666666666666667,0.025,2
road236.png,0.5316666666666666,0.395,0.03,0.025,2
road237.png,0.44166666666666665,0.415,0.05,0.04,2
road237.png,0.5016666666666667,0.415,0.043333333333333335,0.035,2
road238.png,0.475,0.39875,0.056666666666666664,0.0425,2
road238.png,0.54,0.4,0.05333333333333334,0.04,2
road239.png,0.6016666666666667,0.58375,0.03,0.0225,2
road24.png,0.3707865168539326,0.575,0.21722846441947566,0.28,0
road240.png,0.3883333333333333,0.54,0.05,0.035,2
road240.png,0.43833333333333335,0.54,0.043333333333333335,0.035,2
road241.png,0.485,0.5225,0.06333333333333334,0.045,2
road241.png,0.5516666666666666,0.52625,0.06333333333333334,0.0475,2
road242.png,0.44666666666666666,0.4425,0.1,0.075,2
road242.png,0.5466666666666666,0.445,0.09333333333333334,0.075,2
road243.png,0.48,0.61125,0.04,0.0275,2
road243.png,0.525,0.61125,0.03666666666666667,0.0275,2
road244.png,0.5483333333333333,0.55375,0.06333333333333334,0.0475,2
road244.png,0.615,0.5525,0.056666666666666664,0.045,2
road245.png,0.49166666666666664,0.5175,0.07,0.055,2
road245.png,0.5716666666666667,0.5175,0.07,0.05,2
road246.png,0.5566666666666666,0.45625,0.1,0.0775,2
road247.png,0.49166666666666664,0.5675,0.056666666666666664,0.045,2
road247.png,0.49833333333333335,0.6325,0.056666666666666664,0.04,2
road248.png,0.5983333333333334,0.5425,0.08333333333333333,0.06,2
road248.png,0.605,0.63875,0.07666666666666666,0.0625,2
road249.png,0.5016666666666667,0.6125,0.03666666666666667,0.03,2
road25.png,0.67,0.4681647940074906,0.035,0.1198501872659176,0
road25.png,0.73375,0.47752808988764045,0.0275,0.10112359550561797,0
road25.png,0.82125,0.5786516853932584,0.0425,0.13108614232209737,0
road250.png,0.49166666666666664,0.60875,0.06333333333333334,0.0475,2
road251.png,0.7133333333333334,0.515,0.1,0.08,2
road252.png,0.575,0.52625,0.05,0.0375,2
road253.png,0.525,0.28875,0.19666666666666666,0.1425,2
road254.png,0.44,0.2425,0.16,0.12,2
road255.png,0.41833333333333333,0.22875,0.16333333333333333,0.1225,2
road256.png,0.5966666666666667,0.30375,0.18666666666666668,0.1375,2
road257.png,0.46,0.435,0.06,0.045,2
road258.png,0.52,0.38,0.13333333333333333,0.105,2
road259.png,0.5883333333333334,0.25375,0.25,0.1825,2
road26.png,0.2947761194029851,0.39,0.16417910447761194,0.34,0
road26.png,0.4533582089552239,0.37875,0.15298507462686567,0.3275,0
road260.png,0.54,0.41375,0.22666666666666666,0.1875,2
road261.png,0.7283333333333334,0.2025,0.11666666666666667,0.1,2
road262.png,0.395,0.38875,0.09,0.0675,2
road263.png,0.5166666666666667,0.43375,0.22,0.1825,2
road264.png,0.55,0.4525,0.19333333333333333,0.145,2
road265.png,0.52,0.6375,0.10666666666666667,0.09,2
road266.png,0.5116666666666667,0.33,0.13666666666666666,0.11,2
road267.png,0.39166666666666666,0.345,0.12333333333333334,0.095,2
road268.png,0.36333333333333334,0.35625,0.1,0.0775,2
road269.png,0.59,0.37875,0.2733333333333333,0.2025,2
road27.png,0.38764044943820225,0.47875,0.10861423220973783,0.1725,0
road27.png,0.2846441947565543,0.495,0.11235955056179775,0.18,0
road270.png,0.38333333333333336,0.37625,0.16,0.1225,1
road270.png,0.7616666666666667,0.68875,0.19,0.2125,0
road270.png,0.8483333333333334,0.6325,0.11666666666666667,0.125,3
road271.png,0.49833333333333335,0.48125,0.15,0.1125,2
road272.png,0.47,0.49375,0.12,0.0925,1
road272.png,0.7616666666666667,0.7325,0.15,0.16,0
road272.png,0.8333333333333334,0.69125,0.1,0.0925,3
road272.png,0.79,0.88625,0.06,0.0525,3
road273.png,0.43166666666666664,0.51875,0.11666666666666667,0.0875,2
road274.png,0.6416666666666667,0.7525,0.18333333333333332,0.145,2
road275.png,0.905,0.80375,0.19,0.2675,0
road275.png,0.43666666666666665,0.41125,0.20666666666666667,0.1575,1
road275.png,0.9816666666666667,0.74125,0.03666666666666667,0.1575,3
road276.png,0.3983333333333333,0.3725,0.07,0.05,2
road277.png,0.6566666666666666,0.32625,0.2,0.1475,2
road278.png,0.43,0.45375,0.13333333333333333,0.1025,1
road278.png,0.7483333333333333,0.7175,0.16333333333333333,0.175,0
road278.png,0.8133333333333334,0.665,0.09333333333333334,0.095,3
road278.png,0.7516666666666667,0.89125,0.056666666666666664,0.0475,3
road279.png,0.62,0.40875,0.38666666666666666,0.2875,2
road28.png,0.44875,0.07860262008733625,0.0425,0.13973799126637554,0
road28.png,0.705,0.32096069868995636,0.045,0.14410480349344978,0
road28.png,0.665,0.3296943231441048,0.035,0.13537117903930132,0
road280.png,0.37666666666666665,0.47625,0.14666666666666667,0.1125,2
road281.png,0.49166666666666664,0.40375,0.14333333333333334,0.1125,2
road281.png,0.12833333333333333,0.97,0.07666666666666666,0.055,3
road282.png,0.5,0.4425,0.11333333333333333,0.08,2
road282.png,0.2816666666666667,0.86875,0.06333333333333334,0.0525,3
road282.png,0.3016666666666667,0.925,0.043333333333333335,0.035,3
road283.png,0.7133333333333334,0.62375,0.18,0.1475,2
road284.png,0.46,0.4,0.18,0.135,2
road285.png,0.4583333333333333,0.3825,0.11666666666666667,0.09,2
road285.png,0.15333333333333332,0.79,0.04,0.03,2
road285.png,0.13,0.825,0.02666666666666667,0.04,0
road286.png,0.47333333333333333,0.42375,0.23333333333333334,0.1725,2
road287.png,0.5666666666666667,0.30625,0.15333333333333332,0.1175,2
road287.png,0.175,0.81375,0.03666666666666667,0.0275,2
road287.png,0.145,0.8475,0.03,0.04,0
road288.png,0.395,0.47375,0.11666666666666667,0.0875,2
road289.png,0.345,0.45875,0.2833333333333333,0.2175,1
road289.png,0.93,0.90375,0.13333333333333333,0.1825,0
road29.png,0.41875,0.30337078651685395,0.2575,0.2696629213483146,0
road29.png,0.35625,0.4812734082397004,0.2425,0.18352059925093633,0
road290.png,0.46,0.47625,0.22,0.1675,2
road291.png,0.49,0.525,0.15333333333333332,0.12,2
road292.png,0.5666666666666667,0.2825,0.18,0.14,2
road292.png,0.05,0.935,0.03333333333333333,0.05,0
road292.png,0.085,0.895,0.043333333333333335,0.035,2
road293.png,0.41,0.69125,0.18,0.1475,2
road294.png,0.615,0.37375,0.31666666666666665,0.2375,2
road295.png,0.445,0.31125,0.05,0.0375,2
road296.png,0.29333333333333333,0.60875,0.17333333333333334,0.1475,2
road297.png,0.7883333333333333,0.48375,0.10333333333333333,0.0875,2
road298.png,0.5733333333333334,0.45,0.10666666666666667,0.085,2
road299.png,0.4583333333333333,0.56,0.27,0.2,2
road3.png,0.5175,0.6583333333333333,0.145,0.42333333333333334,0
road30.png,0.17625,0.23782771535580524,0.1525,0.4307116104868914,0
road300.png,0.565,0.41875,0.23666666666666666,0.2525,3
road300.png,0.305,0.565,0.12333333333333334,0.27,0
road301.png,0.47,0.48625,0.18,0.1325,2
road302.png,0.5616666666666666,0.38,0.09666666666666666,0.075,1
road302.png,0.575,0.45625,0.09666666666666666,0.0775,2
road303.png,0.39166666666666666,0.3075,0.4633333333333333,0.365,1
road304.png,0.31666666666666665,0.5,0.10666666666666667,0.08,2
road305.png,0.54,0.42375,0.49333333333333335,0.5575,2
road306.png,0.36333333333333334,0.3725,0.32,0.245,1
road307.png,0.42333333333333334,0.375,0.22666666666666666,0.25,3
road307.png,0.17166666666666666,0.53125,0.13,0.2725,0
road308.png,0.39,0.38,0.13333333333333333,0.1,2
road309.png,0.5333333333333333,0.30125,0.23333333333333334,0.1725,2
road309.png,0.5383333333333333,0.5175,0.23666666666666666,0.175,3
road31.png,0.57,0.54,0.075,0.22666666666666666,0
road31.png,0.4725,0.54,0.08,0.23333333333333334,0
road310.png,0.6016666666666667,0.49375,0.15666666666666668,0.1325,2
road311.png,0.3233333333333333,0.36625,0.3933333333333333,0.2925,2
road311.png,0.3333333333333333,0.72375,0.3933333333333333,0.2925,3
road312.png,0.29,0.37875,0.5333333333333333,0.5775,2
road313.png,0.5416666666666666,0.4225,0.24333333333333335,0.185,2
road314.png,0.47833333333333333,0.49125,0.19,0.1425,2
road314.png,0.16833333333333333,0.7125,0.08333333333333333,0.065,2
road314.png,0.11666666666666667,0.875,0.12,0.09,3
road315.png,0.215,0.6175,0.056666666666666664,0.045,3
road315.png,0.4633333333333333,0.4625,0.11333333333333333,0.085,2
road316.png,0.49333333333333335,0.425,0.22,0.16,2
road316.png,0.095,0.705,0.08333333333333333,0.06,2
road316.png,0.055,0.88125,0.11,0.0925,3
road317.png,0.5283333333333333,0.5075,0.2833333333333333,0.21,2
road317.png,0.49,0.31125,0.26,0.1925,1
road318.png,0.3883333333333333,0.6475,0.3233333333333333,0.24,3
road318.png,0.38166666666666665,0.35,0.3233333333333333,0.24,2
road319.png,0.49666666666666665,0.52875,0.14666666666666667,0.1125,2
road319.png,0.33166666666666667,0.68375,0.09666666666666666,0.1125,0
road319.png,0.5383333333333333,0.73375,0.05,0.0425,3
road32.png,0.45318352059925093,0.48625,0.5468164794007491,0.8075,0
road320.png,0.6083333333333333,0.59875,0.16333333333333333,0.1225,2
road321.png,0.5166666666666667,0.48,0.14,0.1,2
road321.png,0.29,0.75125,0.09333333333333334,0.0725,3
road321.png,0.3416666666666667,0.60625,0.05,0.0525,2
road322.png,0.42333333333333334,0.45125,0.15333333333333332,0.1575,2
road323.png,0.5933333333333334,0.615,0.28,0.21,2
road323.png,0.565,0.415,0.25666666666666665,0.19,1
road324.png,0.5983333333333334,0.6,0.23,0.17,3
road325.png,0.4166666666666667,0.47875,0.17333333333333334,0.1325,2
road325.png,0.18333333333333332,0.6775,0.1,0.115,0
road326.png,0.67,0.2225,0.2733333333333333,0.195,2
road327.png,0.4083333333333333,0.50875,0.20333333333333334,0.1525,2
road327.png,0.11,0.76625,0.11333333333333333,0.1225,0
road328.png,0.44666666666666666,0.38875,0.2866666666666667,0.2225,2
road329.png,0.55,0.49875,0.3333333333333333,0.2475,2
road33.png,0.37640449438202245,0.49125,0.5805243445692884,0.9525,0
road330.png,0.35833333333333334,0.325,0.14333333333333334,0.11,2
road331.png,0.43833333333333335,0.35375,0.19666666666666666,0.1475,2
road331.png,0.43666666666666665,0.53125,0.19333333333333333,0.1475,3
road332.png,0.375,0.52875,0.35,0.2575,2
road333.png,0.605,0.63625,0.20333333333333334,0.1575,2
road334.png,0.42,0.46375,0.10666666666666667,0.0825,2
road335.png,0.4216666666666667,0.3775,0.13,0.095,2
road336.png,0.44666666666666666,0.50375,0.14,0.1025,2
road337.png,0.5533333333333333,0.63625,0.37333333333333335,0.2825,2
road338.png,0.3883333333333333,0.80875,0.25666666666666665,0.1975,2
road339.png,0.49666666666666665,0.26125,0.38,0.2925,1
road34.png,0.3707865168539326,0.4875,0.5842696629213483,0.955,0
road340.png,0.425,0.7825,0.21666666666666667,0.165,2
road341.png,0.535,0.43125,0.10333333333333333,0.0825,2
road341.png,0.4216666666666667,0.8925,0.03,0.04,3
road342.png,0.6933333333333334,0.12125,0.3933333333333333,0.2375,2
road343.png,0.48,0.40875,0.15333333333333332,0.1125,2
road344.png,0.5016666666666667,0.59125,0.19,0.1425,2
road345.png,0.4583333333333333,0.835,0.31666666666666665,0.235,2
road346.png,0.3983333333333333,0.6,0.21666666666666667,0.165,2
road347.png,0.4716666666666667,0.3275,0.09,0.07,2
road347.png,0.36,0.495,0.07333333333333333,0.055,3
road348.png,0.6866666666666666,0.4275,0.22,0.19,2
road349.png,0.43,0.7575,0.3466666666666667,0.28,2
road35.png,0.3325,0.40077821011673154,0.28,0.1556420233463035,0
road350.png,0.43833333333333335,0.55375,0.27666666666666667,0.2075,2
road351.png,0.5033333333333333,0.3775,0.26666666666666666,0.195,2
road352.png,0.41333333333333333,0.38375,0.16,0.1175,2
road353.png,0.44166666666666665,0.4925,0.19666666666666666,0.155,2
road354.png,0.4166666666666667,0.385,0.3,0.225,1
road355.png,0.41,0.37125,0.18666666666666668,0.1325,2
road356.png,0.5316666666666666,0.29125,0.33,0.2475,1
road357.png,0.47333333333333333,0.375,0.4066666666666667,0.3,2
road358.png,0.36,0.525,0.10666666666666667,0.08,2
road358.png,0.10666666666666667,0.75875,0.03333333333333333,0.0475,3
road359.png,0.34,0.54,0.09333333333333334,0.07,2
road36.png,0.18625,0.5861423220973783,0.1175,0.36329588014981273,0
road36.png,0.31125,0.5561797752808989,0.1025,0.4157303370786517,0
road36.png,0.40125,0.5730337078651685,0.0675,0.36704119850187267,0
road360.png,0.3233333333333333,0.515,0.14666666666666667,0.11,2
road361.png,0.4266666666666667,0.41375,0.17333333333333334,0.1325,2
road361.png,0.43,0.575,0.18,0.135,3
road362.png,0.3883333333333333,0.495,0.23,0.17,2
road363.png,0.775,0.34125,0.4033333333333333,0.3075,2
road364.png,0.405,0.5075,0.21666666666666667,0.16,2
road365.png,0.43833333333333335,0.4525,0.17666666666666667,0.13,2
road366.png,0.355,0.32,0.19666666666666666,0.14,2
road367.png,0.43333333333333335,0.425,0.12666666666666668,0.095,2
road367.png,0.14,0.695,0.04,0.055,3
road368.png,0.34,0.47875,0.17333333333333334,0.1275,2
road369.png,0.44333333333333336,0.4175,0.18,0.135,2
road37.png,0.5093632958801498,0.41625,0.149812734082397,0.3175,0
road370.png,0.445,0.475,0.15666666666666668,0.12,2
road371.png,0.365,0.65,0.2833333333333333,0.205,2
road372.png,0.39666666666666667,0.49875,0.20666666666666667,0.1575,2
road373.png,0.43166666666666664,0.44125,0.13,0.0975,2
road374.png,0.395,0.41875,0.21666666666666667,0.1625,1
road375.png,0.395,0.625,0.25,0.185,2
road376.png,0.2916666666666667,0.6025,0.3233333333333333,0.24,2
road377.png,0.45166666666666666,0.47625,0.11666666666666667,0.0875,2
road378.png,0.4583333333333333,0.5775,0.4166666666666667,0.315,2
road379.png,0.6416666666666667,0.40875,0.12333333333333334,0.0925,2
road38.png,0.1425,0.19101123595505617,0.13,0.38202247191011235,0
road38.png,0.75875,0.7097378277153558,0.1525,0.40074906367041196,0
road380.png,0.4666666666666667,0.115,0.23333333333333334,0.22,2
road381.png,0.4866666666666667,0.44,0.13333333333333333,0.095,2
road382.png,0.45,0.40625,0.16666666666666666,0.1175,2
road383.png,0.4683333333333333,0.585,0.10333333333333333,0.075,2
road384.png,0.42,0.44625,0.12666666666666668,0.0925,2
road385.png,0.425,0.43125,0.15,0.1125,2
road386.png,0.5483333333333333,0.46,0.20333333333333334,0.15,2
road387.png,0.46166666666666667,0.34875,0.09666666666666666,0.0725,2
road388.png,0.5333333333333333,0.38375,0.11333333333333333,0.0825,2
road389.png,0.665,0.30375,0.14333333333333334,0.1075,2
road39.png,0.4796875,0.46875,0.403125,0.8925,0
road390.png,0.7533333333333333,0.2225,0.18,0.13,2
road391.png,0.8816666666666667,0.1525,0.21666666666666667,0.16,2
road392.png,0.5383333333333333,0.545,0.10333333333333333,0.075,2
road393.png,0.545,0.68,0.11,0.085,2
road394.png,0.6216666666666667,0.51875,0.13,0.0975,2
road395.png,0.6216666666666667,0.55125,0.15666666666666668,0.1125,2
road396.png,0.43833333333333335,0.56375,0.19,0.1425,2
road397.png,0.5833333333333334,0.25375,0.31333333333333335,0.2325,2
road398.png,0.625,0.62375,0.11,0.0825,2
road399.png,0.37666666666666665,0.48125,0.13333333333333333,0.0975,2
road4.png,0.1891385767790262,0.4325,0.22846441947565543,0.32,0
road4.png,0.5224719101123596,0.5425,0.1760299625468165,0.275,0
road4.png,0.7902621722846442,0.605,0.1647940074906367,0.265,0
road40.png,0.23595505617977527,0.0975,0.10486891385767791,0.175,0
road40.png,0.44569288389513106,0.13,0.09737827715355805,0.18,0
road40.png,0.6460674157303371,0.15625,0.09363295880149813,0.1725,0
road400.png,0.63,0.56375,0.15333333333333332,0.1125,2
road401.png,0.64,0.54625,0.19333333333333333,0.1425,2
road402.png,0.4216666666666667,0.66,0.11666666666666667,0.085,2
road403.png,0.4633333333333333,0.4925,0.21333333333333335,0.165,2
road404.png,0.30333333333333334,0.67375,0.2866666666666667,0.2475,2
road405.png,0.54,0.685,0.08,0.06,2
road406.png,0.4166666666666667,0.61625,0.09333333333333334,0.0675,2
road407.png,0.5766666666666667,0.56125,0.04,0.0275,2
road408.png,0.5183333333333333,0.4525,0.06333333333333334,0.05,2
road409.png,0.475,0.39625,0.08333333333333333,0.0625,2
road41.png,0.7565543071161048,0.095,0.1198501872659176,0.185,0
road41.png,0.3895131086142322,0.405,0.0898876404494382,0.105,0
road410.png,0.5366666666666666,0.31875,0.10666666666666667,0.0775,2
road411.png,0.4683333333333333,0.245,0.14333333333333334,0.105,2
road412.png,0.5766666666666667,0.51,0.08666666666666667,0.065,2
road413.png,0.5433333333333333,0.5025,0.11333333333333333,0.085,2
road414.png,0.63,0.61,0.14666666666666667,0.11,2
road415.png,0.6166666666666667,0.58875,0.21333333333333335,0.1625,2
road416.png,0.35833333333333334,0.3475,0.27,0.205,2
road417.png,0.47833333333333333,0.49125,0.11666666666666667,0.0875,2
road418.png,0.5233333333333333,0.5475,0.14666666666666667,0.11,2
road419.png,0.22,0.50375,0.16666666666666666,0.1275,2
road42.png,0.7453183520599251,0.60125,0.1647940074906367,0.2825,0
road42.png,0.5786516853932584,0.59625,0.1760299625468165,0.2525,0
road420.png,0.5316666666666666,0.615,0.21,0.155,2
road421.png,0.5183333333333333,0.49875,0.2633333333333333,0.1975,2
road422.png,0.3566666666666667,0.53625,0.06,0.0425,2
road423.png,0.4033333333333333,0.49875,0.13333333333333333,0.0975,2
road424.png,0.26666666666666666,0.60625,0.15333333333333332,0.1125,2
road425.png,0.375,0.56375,0.18333333333333332,0.1375,2
road426.png,0.39166666666666666,0.3575,0.22333333333333333,0.165,2
road427.png,0.45166666666666666,0.5075,0.27,0.205,2
road428.png,0.3933333333333333,0.3975,0.36666666666666664,0.285,2
road429.png,0.38666666666666666,0.5925,0.12666666666666668,0.095,2
road43.png,0.0425,0.40636704119850187,0.035,0.11610486891385768,0
road43.png,0.24375,0.3782771535580524,0.0375,0.11235955056179775,0
road43.png,0.4575,0.36142322097378277,0.04,0.11610486891385768,0
road43.png,0.6725,0.5243445692883895,0.035,0.08239700374531835,0
road43.png,0.83625,0.5168539325842697,0.0275,0.08239700374531835,0
road430.png,0.6666666666666666,0.655,0.16,0.12,2
road431.png,0.17666666666666667,0.60375,0.19333333333333333,0.1475,2
road432.png,0.5116666666666667,0.50625,0.07666666666666666,0.0575,2
road433.png,0.37,0.56125,0.12666666666666668,0.0925,2
road434.png,0.4066666666666667,0.64,0.16,0.12,2
road435.png,0.13,0.5825,0.2,0.15,2
road436.png,0.6783333333333333,0.46,0.2633333333333333,0.2,2
road437.png,0.61,0.65625,0.12,0.0875,2
road438.png,0.18166666666666667,0.705,0.14333333333333334,0.105,2
road439.png,0.25333333333333335,0.79,0.17333333333333334,0.13,2
road44.png,0.3917910447761194,0.18125,0.07462686567164178,0.1125,0
road44.png,0.7425373134328358,0.26375,0.06716417910447761,0.0975,0
road440.png,0.30833333333333335,0.62625,0.19666666666666666,0.1475,2
road441.png,0.51,0.385,0.24,0.185,2
road442.png,0.35,0.37875,0.09333333333333334,0.0675,2
road443.png,0.4066666666666667,0.4175,0.12666666666666668,0.095,2
road444.png,0.56,0.36,0.14666666666666667,0.11,2
road445.png,0.37666666666666665,0.3375,0.18,0.14,2
road446.png,0.5233333333333333,0.36125,0.22,0.1725,2
road447.png,0.40166666666666667,0.48375,0.07666666666666666,0.0525,2
road448.png,0.32,0.5025,0.1,0.075,2
road449.png,0.37,0.48625,0.12,0.0925,2
road45.png,0.6423220973782772,0.31875,0.16104868913857678,0.2475,0
road450.png,0.475,0.445,0.15,0.115,2
road451.png,0.41833333333333333,0.43875,0.19,0.1375,2
road452.png,0.435,0.5025,0.24333333333333335,0.185,2
road453.png,0.44666666666666666,0.4775,0.28,0.22,2
road454.png,0.37833333333333335,0.62,0.09,0.075,2
road455.png,0.605,0.50625,0.11666666666666667,0.0925,2
road456.png,0.4216666666666667,0.52125,0.17,0.1325,2
road457.png,0.6233333333333333,0.42375,0.2,0.1575,2
road458.png,0.3433333333333333,0.38125,0.24,0.1825,2
road459.png,0.48,0.44,0.22,0.17,2
road459.png,0.6233333333333333,0.87,0.19333333333333333,0.175,3
road459.png,0.4166666666666667,0.8725,0.14,0.245,0
road46.png,0.3782771535580524,0.565,0.2247191011235955,0.26,0
road460.png,0.6283333333333333,0.87625,0.2633333333333333,0.1975,3
road460.png,0.38166666666666665,0.87,0.15666666666666668,0.255,0
road460.png,0.4483333333333333,0.40625,0.23666666666666666,0.1875,2
road461.png,0.4533333333333333,0.55875,0.26,0.1975,2
road461.png,0.6566666666666666,0.97625,0.2866666666666667,0.0475,3
road461.png,0.3933333333333333,0.95875,0.16666666666666666,0.0825,0
road462.png,0.6466666666666666,0.8975,0.2866666666666667,0.2,3
road462.png,0.375,0.88125,0.17,0.2375,0
road462.png,0.43666666666666665,0.3925,0.26666666666666666,0.21,2
road463.png,0.47,0.28125,0.2733333333333333,0.2125,2
road463.png,0.6866666666666666,0.8075,0.3,0.22,3
road463.png,0.41,0.83125,0.18,0.3375,0
road464.png,0.6016666666666667,0.72625,0.19,0.1425,3
road464.png,0.4633333333333333,0.38625,0.18,0.1375,2
road464.png,0.4216666666666667,0.75,0.11666666666666667,0.235,0
road465.png,0.53,0.73125,0.22,0.1675,3
road465.png,0.3333333333333333,0.75375,0.12666666666666668,0.2625,0
road465.png,0.385,0.34375,0.20333333333333334,0.1475,2
road466.png,0.36333333333333334,0.25125,0.2866666666666667,0.2075,2
road466.png,0.575,0.7675,0.2966666666666667,0.22,3
road466.png,0.31666666666666665,0.7975,0.18,0.365,0
road467.png,0.525,0.45625,0.07666666666666666,0.0575,2
road468.png,0.5666666666666667,0.59375,0.13333333333333333,0.1025,2
road469.png,0.5083333333333333,0.51625,0.15666666666666668,0.1175,2
road47.png,0.7,0.5447761194029851,0.285,0.9029850746268657,0
road470.png,0.32166666666666666,0.545,0.19666666666666666,0.15,2
road471.png,0.29833333333333334,0.48625,0.25666666666666665,0.1875,2
road472.png,0.15833333333333333,0.63125,0.31666666666666665,0.2725,2
road473.png,0.5483333333333333,0.46125,0.48333333333333334,0.3625,2
road474.png,0.5533333333333333,0.49,0.14,0.1,2
road475.png,0.24166666666666667,0.44625,0.16333333333333333,0.1225,2
road476.png,0.32666666666666666,0.48625,0.2,0.1475,2
road477.png,0.37666666666666665,0.45125,0.22666666666666666,0.1675,2
road478.png,0.52,0.295,0.28,0.21,2
road479.png,0.2733333333333333,0.25125,0.3466666666666667,0.2525,2
road48.png,0.7584269662921348,0.6025,0.1760299625468165,0.295,0
road48.png,0.5767790262172284,0.59625,0.1947565543071161,0.2575,0
road480.png,0.5133333333333333,0.2525,0.4533333333333333,0.335,2
road481.png,0.39,0.6425,0.18,0.135,2
road481.png,0.81,0.7725,0.24666666666666667,0.2,3
road481.png,0.9433333333333334,0.7025,0.10666666666666667,0.435,0
road482.png,0.4533333333333333,0.5,0.21333333333333335,0.16,2
road482.png,0.9383333333333334,0.605,0.12333333333333334,0.24,3
road483.png,0.16666666666666666,0.55375,0.2733333333333333,0.2025,2
road484.png,0.365,0.4375,0.37,0.265,2
road485.png,0.38,0.47375,0.44666666666666666,0.3225,2
road486.png,0.455,0.4675,0.08333333333333333,0.06,2
road487.png,0.575,0.425,0.11,0.08,2
road488.png,0.67,0.36125,0.12666666666666668,0.0975,2
road489.png,0.5116666666666667,0.41375,0.15666666666666668,0.1125,2
road49.png,0.26,0.2658450704225352,0.1,0.29225352112676056,0
road49.png,0.35625,0.4841549295774648,0.0425,0.11619718309859155,0
road490.png,0.5266666666666666,0.3675,0.16666666666666666,0.12,2
road491.png,0.57,0.4025,0.20666666666666667,0.15,2
road492.png,0.4866666666666667,0.43125,0.24,0.1775,2
road493.png,0.40166666666666667,0.35875,0.31,0.2275,2
road494.png,0.48333333333333334,0.39875,0.42,0.3175,2
road495.png,0.5316666666666666,0.575,0.20333333333333334,0.15,3
road495.png,0.36833333333333335,0.63375,0.11,0.2375,0
road496.png,0.19833333333333333,0.4575,0.08333333333333333,0.09,2
road497.png,0.385,0.44875,0.09666666666666666,0.0925,2
road498.png,0.34,0.37625,0.10666666666666667,0.1025,2
road499.png,0.625,0.50625,0.17666666666666667,0.1625,2
road5.png,0.5,0.4025,0.6554307116104869,0.655,0
road50.png,0.5449438202247191,0.32,0.07116104868913857,0.13,0
road500.png,0.57,0.53875,0.2,0.1875,2
road501.png,0.35833333333333334,0.47375,0.21666666666666667,0.2125,2
road502.png,0.8666666666666667,0.31875,0.25333333333333335,0.2475,2
road503.png,0.42,0.54,0.12666666666666668,0.1,2
road504.png,0.385,0.63375,0.15666666666666668,0.1175,2
road505.png,0.40166666666666667,0.64625,0.19,0.1425,2
road506.png,0.31,0.67375,0.24,0.1775,2
road507.png,0.355,0.5025,0.29,0.215,2
road508.png,0.36666666666666664,0.46,0.36666666666666664,0.27,2
road509.png,0.49333333333333335,0.45875,0.12666666666666668,0.0925,2
road51.png,0.5544303797468354,0.5,0.1468354430379747,0.315,0
road510.png,0.37,0.5575,0.14666666666666667,0.11,2
road511.png,0.4716666666666667,0.46625,0.18333333333333332,0.1325,2
road512.png,0.5116666666666667,0.45625,0.08333333333333333,0.0625,2
road513.png,0.5766666666666667,0.435,0.08666666666666667,0.065,2
road514.png,0.6366666666666667,0.40625,0.1,0.0725,2
road515.png,0.655,0.3675,0.11,0.08,2
road516.png,0.4116666666666667,0.42875,0.2633333333333333,0.1925,2
road517.png,0.5216666666666666,0.4575,0.2833333333333333,0.21,2
road518.png,0.5683333333333334,0.445,0.09,0.065,2
road519.png,0.5766666666666667,0.47125,0.09333333333333334,0.0675,2
road52.png,0.48,0.66625,0.68,0.5025,1
road520.png,0.635,0.4075,0.15666666666666668,0.115,2
road521.png,0.675,0.43875,0.17,0.1225,2
road522.png,0.4766666666666667,0.46625,0.10666666666666667,0.0825,2
road523.png,0.38666666666666666,0.47125,0.12,0.0925,2
road524.png,0.45,0.5325,0.14,0.105,2
road525.png,0.3933333333333333,0.52125,0.14666666666666667,0.1075,2
road526.png,0.5583333333333333,0.48,0.16333333333333333,0.125,2
road527.png,0.425,0.51,0.16333333333333333,0.13,2
road528.png,0.36666666666666664,0.54375,0.16,0.1325,2
road528.png,0.28,0.11,0.56,0.215,3
road529.png,0.6983333333333334,0.5,0.2633333333333333,0.245,2
road53.png,0.18625,0.603448275862069,0.3275,0.4482758620689655,1
road530.png,0.28833333333333333,0.44625,0.043333333333333335,0.0325,2
road530.png,0.5783333333333334,0.6025,0.03,0.025,3
road531.png,0.7333333333333333,0.47125,0.08,0.0625,2
road531.png,0.7833333333333333,0.545,0.04,0.035,3
road531.png,0.6283333333333333,0.5625,0.03,0.03,3
road531.png,0.5366666666666666,0.55,0.04,0.03,3
road531.png,0.33,0.55375,0.04,0.0275,3
road532.png,0.24833333333333332,0.7925,0.06333333333333334,0.055,3
road532.png,0.6766666666666666,0.78375,0.04666666666666667,0.0475,3
road532.png,0.405,0.81875,0.043333333333333335,0.0425,3
road532.png,0.6583333333333333,0.60375,0.17,0.1275,2
road533.png,0.61,0.66875,0.19333333333333333,0.1475,2
road533.png,0.2866666666666667,0.93,0.05333333333333334,0.045,3
road533.png,0.5733333333333334,0.8925,0.04666666666666667,0.045,3
road533.png,0.12666666666666668,0.9,0.07333333333333333,0.06,3
road534.png,0.08333333333333333,0.98125,0.07333333333333333,0.0325,3
road534.png,0.5533333333333333,0.97875,0.05333333333333334,0.0375,3
road534.png,0.695,0.6925,0.23,0.175,2
road535.png,0.4666666666666667,0.735,0.26666666666666666,0.2,2
road536.png,0.7533333333333333,0.56375,0.31333333333333335,0.2325,2
road536.png,0.325,0.99125,0.06333333333333334,0.0175,3
road537.png,0.28,0.57,0.10666666666666667,0.08,2
road538.png,0.44,0.4675,0.11333333333333333,0.09,2
road539.png,0.6066666666666667,0.685,0.12,0.09,2
road54.png,0.5016666666666667,0.41625,0.7166666666666667,0.5325,1
road540.png,0.5466666666666666,0.725,0.12666666666666668,0.095,2
road541.png,0.37833333333333335,0.56375,0.13666666666666666,0.1025,2
road542.png,0.4066666666666667,0.76125,0.14666666666666667,0.0975,2
road542.png,0.215,0.87375,0.03,0.0325,3
road543.png,0.33666666666666667,0.62375,0.15333333333333332,0.1125,2
road543.png,0.14166666666666666,0.74125,0.043333333333333335,0.0325,3
road544.png,0.5833333333333334,0.7575,0.18,0.135,3
road544.png,0.36666666666666664,0.85375,0.12,0.0925,3
road544.png,0.42,0.60375,0.12666666666666668,0.0925,2
road545.png,0.33166666666666667,0.54875,0.15,0.1075,2
road545.png,0.5816666666666667,0.69875,0.23,0.1725,3
road545.png,0.26,0.8425,0.14666666666666667,0.11,3
road546.png,0.7333333333333333,0.63,0.26666666666666666,0.2,3
road546.png,0.31666666666666665,0.82375,0.16,0.1225,3
road546.png,0.39666666666666667,0.49125,0.16,0.1225,2
road547.png,0.42833333333333334,0.445,0.19,0.14,2
road547.png,0.8733333333333333,0.55,0.24666666666666667,0.25,3
road547.png,0.31833333333333336,0.82625,0.16333333333333333,0.1325,3
road548.png,0.32,0.88125,0.24,0.1925,3
road548.png,0.495,0.33875,0.2633333333333333,0.1975,2
road549.png,0.5716666666666667,0.31875,0.31,0.2275,2
road549.png,0.37,0.92875,0.29333333333333333,0.1425,3
road55.png,0.3925,0.5,0.22,0.3408239700374532,1
road550.png,0.5083333333333333,0.49375,0.19,0.1425,2
road551.png,0.47,0.6025,0.2,0.155,2
road552.png,0.5583333333333333,0.4775,0.23,0.17,2
road553.png,0.5266666666666666,0.67,0.24,0.18,2
road554.png,0.38166666666666665,0.71,0.18333333333333332,0.135,2
road554.png,0.03333333333333333,0.92625,0.06666666666666667,0.0825,3
road555.png,0.2916666666666667,0.72625,0.22333333333333333,0.1675,2
road556.png,0.515,0.76375,0.25666666666666665,0.1875,2
road557.png,0.32,0.42625,0.29333333333333333,0.2175,2
road558.png,0.64,0.86875,0.35333333333333333,0.2625,2
road559.png,0.5516666666666666,0.51125,0.12333333333333334,0.0925,2
road559.png,0.55,0.61,0.12666666666666668,0.09,3
road56.png,0.5233333333333333,0.3825,0.3933333333333333,0.29,1
road560.png,0.5566666666666666,0.69,0.14666666666666667,0.11,3
road560.png,0.5583333333333333,0.57875,0.13666666666666666,0.1025,2
road561.png,0.27,0.585,0.16,0.12,2
road561.png,0.2683333333333333,0.7175,0.17,0.125,3
road562.png,0.3383333333333333,0.75875,0.19,0.1425,3
road562.png,0.3383333333333333,0.61375,0.17666666666666667,0.1325,2
road563.png,0.5416666666666666,0.59625,0.21,0.1525,2
road563.png,0.5416666666666666,0.75875,0.21666666666666667,0.1575,3
road564.png,0.5966666666666667,0.85875,0.25333333333333335,0.1925,3
road564.png,0.6,0.66625,0.24666666666666667,0.1775,2
road565.png,0.5266666666666666,0.66125,0.17333333333333334,0.1325,2
road566.png,0.34,0.65875,0.16666666666666666,0.1275,2
road567.png,0.47,0.68125,0.16666666666666666,0.1325,2
road568.png,0.4166666666666667,0.665,0.16,0.13,2
road569.png,0.5333333333333333,0.70875,0.16,0.1325,2
road57.png,0.5133333333333333,0.38625,0.8666666666666667,0.5975,1
road570.png,0.4266666666666667,0.74125,0.16,0.1275,2
road571.png,0.44333333333333336,0.7675,0.15333333333333332,0.13,2
road572.png,0.305,0.62625,0.24333333333333335,0.1925,2
road572.png,0.30333333333333334,0.83625,0.24666666666666667,0.2025,3
road573.png,0.38666666666666666,0.8925,0.31333333333333335,0.21,3
road573.png,0.37333333333333335,0.6525,0.31333333333333335,0.235,2
road574.png,0.4866666666666667,0.66125,0.4,0.3125,2
road574.png,0.505,0.91625,0.39666666666666667,0.1675,3
road575.png,0.2866666666666667,0.3425,0.12666666666666668,0.09,2
road575.png,0.2916666666666667,0.4425,0.13666666666666666,0.1,3
road576.png,0.26,0.43625,0.14,0.1025,3
road576.png,0.25333333333333335,0.33,0.12666666666666668,0.09,2
road577.png,0.735,0.29625,0.13,0.0925,2
road577.png,0.74,0.40125,0.14,0.1025,3
road578.png,0.8216666666666667,0.3925,0.15666666666666668,0.115,3
road578.png,0.8133333333333334,0.28125,0.14,0.1025,2
road579.png,0.6166666666666667,0.425,0.08666666666666667,0.065,3
road58.png,0.48625,0.5299003322259136,0.6825,0.9003322259136213,1
road580.png,0.645,0.4325,0.13,0.095,3
road580.png,0.91,0.66125,0.02666666666666667,0.0275,3
road580.png,0.5833333333333334,0.6775,0.02666666666666667,0.025,3
road581.png,0.4083333333333333,0.3475,0.14333333333333334,0.11,3
road582.png,0.6433333333333333,0.6225,0.05333333333333334,0.105,0
road582.png,0.3516666666666667,0.365,0.056666666666666664,0.11,0
road582.png,0.7083333333333334,0.6425,0.07666666666666666,0.06,3
road583.png,0.78,0.61875,0.10666666666666667,0.0875,3
road583.png,0.255,0.21125,0.07,0.1475,0
road583.png,0.6916666666666667,0.58875,0.07666666666666666,0.1575,0
road584.png,0.5333333333333333,0.43875,0.1,0.0725,2
road585.png,0.49833333333333335,0.32,0.13666666666666666,0.1,2
road586.png,0.5016666666666667,0.2175,0.19666666666666666,0.14,2
road587.png,0.4533333333333333,0.51875,0.07333333333333333,0.0525,2
road588.png,0.35,0.54,0.08,0.06,2
road589.png,0.38666666666666666,0.46375,0.1,0.0725,2
road59.png,0.69625,0.5033222591362126,0.4875,0.627906976744186,1
road590.png,0.2866666666666667,0.49875,0.12666666666666668,0.0925,2
road591.png,0.11166666666666666,0.5575,0.15666666666666668,0.115,2
road592.png,0.25,0.41,0.20666666666666667,0.155,2
road593.png,0.375,0.26,0.25666666666666665,0.19,2
road594.png,0.7283333333333334,0.1375,0.39,0.27,2
road595.png,0.4633333333333333,0.41375,0.09333333333333334,0.0675,2
road596.png,0.5033333333333333,0.3875,0.11333333333333333,0.085,2
road596.png,0.43166666666666664,0.48125,0.07,0.0625,3
road597.png,0.4,0.38125,0.14,0.1075,2
road597.png,0.285,0.5075,0.10333333333333333,0.075,3
road598.png,0.18166666666666667,0.58875,0.13,0.0975,3
road598.png,0.4083333333333333,0.37875,0.19,0.1375,2
road599.png,0.5033333333333333,0.2575,0.35333333333333333,0.26,2
road6.png,0.5074906367041199,0.6,0.30337078651685395,0.435,0
road60.png,0.50125,0.50125,0.9575,0.9575,1
road600.png,0.485,0.54125,0.06333333333333334,0.0475,2
road601.png,0.47333333333333333,0.50875,0.08666666666666667,0.0625,2
road602.png,0.3433333333333333,0.525,0.1,0.075,2
road603.png,0.3616666666666667,0.415,0.12333333333333334,0.095,2
road604.png,0.33166666666666667,0.295,0.15666666666666668,0.12,2
road605.png,0.35,0.3125,0.21333333333333335,0.16,2
road606.png,0.415,0.2275,0.31666666666666665,0.235,2
road607.png,0.6966666666666667,0.52125,0.15333333333333332,0.1125,2
road608.png,0.30666666666666664,0.8025,0.1,0.08,2
road608.png,0.21,0.82625,0.09333333333333334,0.0625,3
road609.png,0.24833333333333332,0.60125,0.11666666666666667,0.0925,2
road609.png,0.09666666666666666,0.62875,0.1,0.0725,3
road61.png,0.4975,0.5398671096345515,0.735,0.893687707641196,1
road610.png,0.12,0.64875,0.16,0.1275,2
road611.png,0.3416666666666667,0.5275,0.19,0.155,2
road612.png,0.425,0.71375,0.24333333333333335,0.1975,2
road613.png,0.5566666666666666,0.515,0.08666666666666667,0.07,2
road614.png,0.9166666666666666,0.28125,0.16,0.1525,2
road615.png,0.42833333333333334,0.50125,0.05,0.0375,2
road615.png,0.22,0.52375,0.03333333333333333,0.0275,3
road616.png,0.4166666666666667,0.42625,0.06666666666666667,0.0475,2
road616.png,0.14,0.4675,0.03333333333333333,0.025,3
road617.png,0.465,0.45625,0.08333333333333333,0.0625,2
road617.png,0.06833333333333333,0.52125,0.03666666666666667,0.0275,3
road618.png,0.5,0.4575,0.11333333333333333,0.085,2
road619.png,0.5233333333333333,0.43625,0.17333333333333334,0.1375,2
road62.png,0.6385767790262172,0.3925,0.3333333333333333,0.22,1
road620.png,0.455,0.59,0.09,0.07,2
road621.png,0.355,0.72,0.09666666666666666,0.075,2
road622.png,0.28,0.27125,0.10666666666666667,0.0825,2
road623.png,0.395,0.555,0.12333333333333334,0.095,2
road624.png,0.38166666666666665,0.3925,0.13666666666666666,0.105,2
road625.png,0.3433333333333333,0.38875,0.16666666666666666,0.1225,2
road626.png,0.44166666666666665,0.43,0.19666666666666666,0.15,2
road627.png,0.44166666666666665,0.46125,0.24333333333333335,0.1825,2
road628.png,0.3283333333333333,0.42125,0.30333333333333334,0.2275,2
road629.png,0.66,0.37375,0.3466666666666667,0.2675,2
road63.png,0.58125,0.4700996677740864,0.5025,0.7475083056478405,1
road630.png,0.4683333333333333,0.39375,0.09,0.0675,1
road631.png,0.54,0.38125,0.10666666666666667,0.0775,1
road632.png,0.38,0.4625,0.12,0.09,1
road633.png,0.39166666666666666,0.315,0.13,0.095,1
road634.png,0.485,0.26375,0.15,0.1125,1
road635.png,0.4116666666666667,0.31875,0.17666666666666667,0.1325,1
road636.png,0.285,0.15375,0.22333333333333333,0.1625,1
road637.png,0.555,0.32875,0.2966666666666667,0.2175,1
road638.png,0.6883333333333334,0.415,0.08333333333333333,0.06,2
road638.png,0.315,0.50875,0.043333333333333335,0.0325,2
road639.png,0.535,0.6275,0.14333333333333334,0.105,2
road639.png,0.07333333333333333,0.77375,0.06,0.0475,2
road64.png,0.54625,0.48006644518272423,0.8175,0.8870431893687708,1
road640.png,0.78,0.3225,0.16,0.12,2
road640.png,0.24,0.485,0.06666666666666667,0.05,2
road641.png,0.4266666666666667,0.25125,0.2,0.1475,2
road642.png,0.45666666666666667,0.54375,0.26666666666666666,0.1975,2
road643.png,0.32,0.495,0.10666666666666667,0.08,2
road644.png,0.6,0.47375,0.22,0.1625,2
road645.png,0.35833333333333334,0.45625,0.27,0.2025,2
road646.png,0.18,0.8125,0.36,0.275,2
road647.png,0.5016666666666667,0.41125,0.05,0.0375,2
road647.png,0.9433333333333334,0.34375,0.06666666666666667,0.0525,3
road648.png,0.5416666666666666,0.49125,0.07,0.0525,2
road649.png,0.4683333333333333,0.4225,0.09,0.07,2
road65.png,0.5186567164179104,0.455,0.47761194029850745,0.315,1
road650.png,0.48,0.32125,0.12,0.0925,2
road651.png,0.6633333333333333,0.34125,0.14666666666666667,0.1175,2
road652.png,0.48,0.45625,0.06,0.0425,2
road652.png,0.28833333333333333,0.4725,0.043333333333333335,0.035,2
road652.png,0.35833333333333334,0.435,0.056666666666666664,0.045,3
road653.png,0.57,0.57375,0.06666666666666667,0.0525,2
road653.png,0.335,0.595,0.05,0.04,2
road653.png,0.4216666666666667,0.55,0.06333333333333334,0.045,3
road654.png,0.42,0.50125,0.08,0.0575,2
road654.png,0.135,0.52,0.056666666666666664,0.045,2
road654.png,0.24333333333333335,0.4725,0.07333333333333333,0.055,3
road655.png,0.29333333333333333,0.56,0.06666666666666667,0.05,2
road655.png,0.6416666666666667,0.52625,0.09,0.0625,2
road655.png,0.42,0.50125,0.08,0.0575,3
road656.png,0.285,0.42,0.09,0.065,3
road656.png,0.5533333333333333,0.445,0.1,0.08,2
road656.png,0.13666666666666666,0.48875,0.06666666666666667,0.0525,2
road657.png,0.215,0.54875,0.07666666666666666,0.0575,2
road657.png,0.705,0.49875,0.11666666666666667,0.0875,2
road657.png,0.38666666666666666,0.475,0.1,0.07,3
road658.png,0.3283333333333333,0.4725,0.11,0.08,3
road658.png,0.725,0.49125,0.13666666666666666,0.1025,2
road658.png,0.11333333333333333,0.56,0.08666666666666667,0.065,2
road659.png,0.63,0.535,0.16666666666666666,0.125,2
road659.png,0.095,0.5225,0.13,0.095,3
road66.png,0.5075,0.4152823920265781,0.54,0.6777408637873754,1
road660.png,0.5416666666666666,0.54875,0.20333333333333334,0.1525,2
road661.png,0.5133333333333333,0.64125,0.25333333333333335,0.1975,2
road662.png,0.33666666666666667,0.43875,0.16,0.1175,2
road663.png,0.43833333333333335,0.60625,0.19,0.1425,2
road664.png,0.4033333333333333,0.59125,0.24,0.1825,2
road665.png,0.3333333333333333,0.87125,0.3,0.2325,2
road666.png,0.5533333333333333,0.69375,0.36666666666666664,0.2925,2
road667.png,0.5933333333333334,0.5075,0.08,0.06,2
road668.png,0.575,0.48125,0.10333333333333333,0.0775,2
road668.png,0.5233333333333333,0.745,0.02666666666666667,0.025,3
road669.png,0.20166666666666666,0.81125,0.03,0.0275,3
road669.png,0.4483333333333333,0.4775,0.13666666666666666,0.105,2
road67.png,0.46375,0.5185185185185185,0.3675,0.562962962962963,1
road670.png,0.53,0.4375,0.2,0.15,2
road671.png,0.565,0.46125,0.056666666666666664,0.0425,2
road671.png,0.265,0.51625,0.03,0.0225,1
road672.png,0.665,0.4475,0.11,0.085,2
road673.png,0.33166666666666667,0.4475,0.06333333333333334,0.05,1
road674.png,0.5616666666666666,0.4275,0.07666666666666666,0.06,1
road674.png,0.22666666666666666,0.505,0.02666666666666667,0.02,2
road675.png,0.08833333333333333,0.55375,0.03,0.0225,2
road675.png,0.545,0.4525,0.09666666666666666,0.075,1
road676.png,0.58,0.42625,0.12666666666666668,0.0975,1
road677.png,0.46,0.54,0.1,0.08,2
road678.png,0.5316666666666666,0.515,0.11666666666666667,0.095,2
road679.png,0.5183333333333333,0.5,0.13666666666666666,0.11,2
road68.png,0.5033333333333333,0.345,0.8066666666666666,0.555,1
road680.png,0.5983333333333334,0.3725,0.15666666666666668,0.13,2
road681.png,0.5266666666666666,0.67125,0.12666666666666668,0.0925,2
road681.png,0.03333333333333333,0.70375,0.06666666666666667,0.0525,3
road682.png,0.41333333333333333,0.59,0.16,0.12,2
road683.png,0.37666666666666665,0.57875,0.18,0.1375,2
road684.png,0.41833333333333333,0.66,0.22333333333333333,0.165,2
road685.png,0.42,0.58,0.28,0.21,2
road686.png,0.37833333333333335,0.8075,0.3566666666666667,0.27,2
road687.png,0.3466666666666667,0.6625,0.09333333333333334,0.07,2
road687.png,0.35333333333333333,0.5475,0.09333333333333334,0.07,2
road688.png,0.4716666666666667,0.57125,0.11,0.0825,2
road688.png,0.4716666666666667,0.4425,0.11,0.08,2
road689.png,0.4583333333333333,0.48625,0.12333333333333334,0.0875,2
road689.png,0.45666666666666667,0.6275,0.12,0.09,2
road69.png,0.5,0.521594684385382,0.565,0.6245847176079734,1
road690.png,0.4,0.43,0.14,0.1,2
road690.png,0.39666666666666667,0.59375,0.13333333333333333,0.1025,2
road691.png,0.49833333333333335,0.545,0.16333333333333333,0.12,2
road691.png,0.5016666666666667,0.35375,0.16333333333333333,0.1225,2
road692.png,0.44,0.3325,0.22666666666666666,0.17,2
road692.png,0.43833333333333335,0.6025,0.23,0.175,2
road693.png,0.32666666666666666,0.44375,0.2866666666666667,0.2175,2
road693.png,0.3233333333333333,0.78375,0.2866666666666667,0.2175,2
road694.png,0.505,0.4475,0.33666666666666667,0.255,2
road694.png,0.5,0.85625,0.3466666666666667,0.2625,2
road695.png,0.48333333333333334,0.4525,0.07333333333333333,0.055,2
road695.png,0.485,0.5375,0.07,0.05,2
road696.png,0.5066666666666667,0.57125,0.08666666666666667,0.0675,2
road696.png,0.505,0.67375,0.08333333333333333,0.0625,2
road697.png,0.395,0.455,0.10333333333333333,0.08,2
road697.png,0.39,0.57875,0.1,0.0775,2
road698.png,0.3416666666666667,0.39125,0.13,0.0975,2
road698.png,0.3433333333333333,0.545,0.12666666666666668,0.095,2
road699.png,0.5116666666666667,0.44875,0.15,0.1175,2
road699.png,0.5083333333333333,0.6325,0.15,0.115,2
road7.png,0.4359375,0.45375,0.121875,0.1825,0
road70.png,0.545,0.4053156146179402,0.35,0.3388704318936877,1
road700.png,0.475,0.46375,0.19666666666666666,0.1475,2
road700.png,0.47333333333333333,0.69375,0.18,0.1475,2
road701.png,0.8916666666666667,0.38375,0.21666666666666667,0.1825,2
road701.png,0.895,0.6725,0.21,0.185,2
road702.png,0.4816666666666667,0.45125,0.09,0.0775,2
road702.png,0.4816666666666667,0.57,0.09,0.075,2
road703.png,0.7716666666666666,0.37875,0.11666666666666667,0.1225,2
road703.png,0.7866666666666666,0.5675,0.12666666666666668,0.125,2
road704.png,0.5133333333333333,0.5825,0.09333333333333334,0.07,2
road704.png,0.5166666666666667,0.695,0.09333333333333334,0.07,2
road705.png,0.36,0.43125,0.11333333333333333,0.0825,2
road705.png,0.36,0.56375,0.11333333333333333,0.0775,2
road706.png,0.5216666666666666,0.28375,0.13666666666666666,0.1075,2
road706.png,0.52,0.45,0.14,0.105,2
road707.png,0.43666666666666665,0.28875,0.18666666666666668,0.1475,2
road707.png,0.44166666666666665,0.51625,0.19,0.1425,2
road708.png,0.5216666666666666,0.44,0.23666666666666666,0.185,2
road708.png,0.525,0.73,0.23666666666666666,0.185,2
road709.png,0.48833333333333334,0.5025,0.07666666666666666,0.055,2
road709.png,0.485,0.59375,0.07666666666666666,0.0575,2
road71.png,0.32625,0.42857142857142855,0.3625,0.49169435215946844,1
road710.png,0.495,0.37375,0.10333333333333333,0.0775,2
road710.png,0.49333333333333335,0.4975,0.10666666666666667,0.075,2
road711.png,0.32666666666666666,0.42,0.12,0.085,2
road711.png,0.32166666666666666,0.56125,0.12333333333333334,0.0875,2
road712.png,0.395,0.4025,0.13666666666666666,0.105,2
road712.png,0.39166666666666666,0.56375,0.13666666666666666,0.1025,2
road713.png,0.415,0.59,0.17,0.125,2
road713.png,0.415,0.39625,0.17,0.1225,2
road714.png,0.32,0.515,0.2,0.15,2
road714.png,0.315,0.75375,0.20333333333333334,0.1525,2
road715.png,0.4066666666666667,0.42875,0.2733333333333333,0.2075,2
road715.png,0.41833333333333333,0.11125,0.27,0.2025,2
road716.png,0.62,0.55125,0.06,0.0475,2
road716.png,0.5316666666666666,0.54875,0.06333333333333334,0.0475,2
road717.png,0.33166666666666667,0.57375,0.06333333333333334,0.0525,2
road717.png,0.42,0.575,0.06666666666666667,0.05,2
road718.png,0.5216666666666666,0.5075,0.07,0.055,2
road718.png,0.6266666666666667,0.5125,0.07333333333333333,0.055,2
road719.png,0.42833333333333334,0.55375,0.08333333333333333,0.0625,2
road72.png,0.83375,0.8106617647058824,0.3325,0.3786764705882353,1
road720.png,0.37666666666666665,0.52,0.09333333333333334,0.07,2
road721.png,0.44166666666666665,0.5175,0.11,0.085,2
road722.png,0.48833333333333334,0.56625,0.13,0.0975,2
road723.png,0.4583333333333333,0.51875,0.15,0.1125,2
road724.png,0.385,0.47,0.18333333333333332,0.14,2
road725.png,0.30666666666666664,0.575,0.22666666666666666,0.17,2
road726.png,0.5933333333333334,0.4925,0.2733333333333333,0.205,2
road727.png,0.5216666666666666,0.5275,0.07,0.05,2
road727.png,0.5216666666666666,0.44125,0.07666666666666666,0.0525,2
road728.png,0.37666666666666665,0.47875,0.08666666666666667,0.0625,2
road728.png,0.37833333333333335,0.3775,0.09,0.065,2
road729.png,0.42833333333333334,0.43375,0.09666666666666666,0.0725,2
road729.png,0.42833333333333334,0.54375,0.09666666666666666,0.0725,2
road73.png,0.64625,0.48141263940520446,0.4475,0.7026022304832714,1
road73.png,0.25375,0.4479553903345725,0.1125,0.2936802973977695,0
road730.png,0.525,0.56125,0.12333333333333334,0.0875,2
road730.png,0.52,0.4225,0.12,0.09,2
road731.png,0.2966666666666667,0.445,0.15333333333333332,0.115,2
road731.png,0.30333333333333334,0.62125,0.15333333333333332,0.1175,2
road732.png,0.43,0.3175,0.2,0.15,2
road732.png,0.4483333333333333,0.54875,0.20333333333333334,0.1525,2
road733.png,0.5016666666666667,0.31125,0.25,0.1825,2
road733.png,0.5166666666666667,0.5925,0.24666666666666667,0.185,2
road734.png,0.6016666666666667,0.4775,0.31666666666666665,0.245,2
road734.png,0.6416666666666667,0.85125,0.3233333333333333,0.2425,2
road735.png,0.425,0.5275,0.06333333333333334,0.045,2
road735.png,0.4216666666666667,0.6025,0.056666666666666664,0.045,2
road736.png,0.4116666666666667,0.4175,0.07,0.055,2
road736.png,0.4083333333333333,0.50875,0.07,0.0525,2
road737.png,0.43,0.4125,0.09333333333333334,0.07,2
road737.png,0.4266666666666667,0.52875,0.09333333333333334,0.0675,2
road738.png,0.45666666666666667,0.4675,0.12,0.09,2
road738.png,0.46,0.3175,0.12,0.085,2
road739.png,0.42833333333333334,0.42875,0.15,0.1125,2
road739.png,0.4216666666666667,0.61125,0.15,0.1125,2
road74.png,0.69875,0.3308550185873606,0.3575,0.5130111524163569,1
road740.png,0.47833333333333333,0.3675,0.19666666666666666,0.145,2
road740.png,0.4683333333333333,0.59875,0.19666666666666666,0.1475,2
road741.png,0.45666666666666667,0.60625,0.26,0.2025,2
road741.png,0.4633333333333333,0.29125,0.26666666666666666,0.1975,2
road742.png,0.5233333333333333,0.47375,0.07333333333333333,0.0575,2
road742.png,0.5183333333333333,0.5625,0.07666666666666666,0.055,2
road743.png,0.2683333333333333,0.3775,0.09,0.065,2
road743.png,0.25833333333333336,0.485,0.09,0.07,2
road744.png,0.52,0.47125,0.12,0.0925,2
road744.png,0.5116666666666667,0.61125,0.12333333333333334,0.0875,2
road745.png,0.22166666666666668,0.55625,0.14333333333333334,0.1075,2
road745.png,0.23833333333333334,0.3875,0.14333333333333334,0.11,2
road746.png,0.395,0.45125,0.17666666666666667,0.1375,2
road746.png,0.37333333333333335,0.66,0.18,0.135,2
road747.png,0.89,0.3375,0.21333333333333335,0.18,2
road747.png,0.8766666666666667,0.6275,0.23333333333333334,0.185,2
road748.png,0.27166666666666667,0.5475,0.06333333333333334,0.045,2
road748.png,0.35,0.545,0.06,0.045,2
road749.png,0.32,0.4175,0.07333333333333333,0.055,2
road749.png,0.41333333333333333,0.4175,0.07333333333333333,0.055,2
road75.png,0.6975,0.4628099173553719,0.24,0.3884297520661157,1
road750.png,0.235,0.3725,0.08333333333333333,0.065,2
road750.png,0.3433333333333333,0.37125,0.08,0.0625,2
road751.png,0.335,0.42375,0.10333333333333333,0.0775,2
road751.png,0.4716666666666667,0.42375,0.10333333333333333,0.0775,2
road752.png,0.27,0.38375,0.14,0.1075,2
road752.png,0.44666666666666666,0.3775,0.14,0.105,2
road753.png,0.29833333333333334,0.41125,0.19,0.1375,2
road753.png,0.5333333333333333,0.40625,0.18,0.1325,2
road754.png,0.41333333333333333,0.3475,0.26,0.195,2
road754.png,0.7233333333333334,0.34375,0.24666666666666667,0.1925,2
road755.png,0.5733333333333334,0.51,0.07333333333333333,0.055,2
road756.png,0.33,0.59,0.08666666666666667,0.065,2
road757.png,0.41333333333333333,0.41625,0.10666666666666667,0.0725,2
road758.png,0.3,0.46375,0.11333333333333333,0.0875,2
road759.png,0.475,0.47125,0.15666666666666668,0.1175,2
road76.png,0.23875,0.6090225563909775,0.3325,0.5338345864661654,1
road760.png,0.48833333333333334,0.3525,0.21,0.16,2
road761.png,0.5933333333333334,0.4,0.06,0.045,2
road762.png,0.43166666666666664,0.5225,0.07,0.055,2
road763.png,0.5466666666666666,0.57125,0.07333333333333333,0.0525,2
road764.png,0.38166666666666665,0.475,0.08333333333333333,0.065,2
road765.png,0.505,0.47,0.11,0.075,2
road766.png,0.5133333333333333,0.51875,0.13333333333333333,0.0975,2
road767.png,0.45666666666666667,0.46625,0.22,0.1675,2
road768.png,0.40166666666666667,0.515,0.08333333333333333,0.06,2
road769.png,0.5183333333333333,0.47375,0.08333333333333333,0.0725,2
road77.png,0.69125,0.46096654275092935,0.5275,0.8178438661710037,1
road770.png,0.515,0.4475,0.11,0.075,2
road771.png,0.525,0.43625,0.12333333333333334,0.0975,2
road772.png,0.485,0.48625,0.056666666666666664,0.0475,2
road773.png,0.6466666666666666,0.495,0.06666666666666667,0.05,2
road774.png,0.655,0.435,0.07,0.06,2
road775.png,0.43166666666666664,0.375,0.13666666666666666,0.1,2
road776.png,0.33,0.54125,0.17333333333333334,0.1275,2
road777.png,0.2733333333333333,0.4325,0.21333333333333335,0.16,2
road778.png,0.485,0.435,0.27666666666666667,0.205,2
road779.png,0.43833333333333335,0.51375,0.42333333333333334,0.3175,2
road78.png,0.28125,0.2808988764044944,0.2025,0.27715355805243447,1
road780.png,0.29333333333333333,0.5125,0.1,0.075,2
road780.png,0.4866666666666667,0.5975,0.06666666666666667,0.065,3
road781.png,0.24833333333333332,0.52,0.11666666666666667,0.09,2
road781.png,0.42,0.63125,0.06666666666666667,0.0625,3
road782.png,0.5016666666666667,0.50375,0.09,0.0925,3
road782.png,0.3983333333333333,0.33125,0.15666666666666668,0.1225,2
road783.png,0.2833333333333333,0.35375,0.2,0.1475,2
road784.png,0.4766666666666667,0.36125,0.24666666666666667,0.1925,2
road784.png,0.31833333333333336,0.68875,0.13,0.1225,3
road785.png,0.4033333333333333,0.28125,0.31333333333333335,0.2375,2
road785.png,0.92,0.82375,0.10666666666666667,0.0875,3
road786.png,0.36833333333333335,0.42,0.09,0.065,2
road787.png,0.44,0.46375,0.10666666666666667,0.0775,2
road788.png,0.425,0.42125,0.14333333333333334,0.1075,2
road789.png,0.465,0.48875,0.17666666666666667,0.1325,2
road79.png,0.48375,0.43521594684385384,0.5925,0.7308970099667774,1
road790.png,0.43333333333333335,0.555,0.08,0.06,2
road790.png,0.7033333333333334,0.68625,0.03333333333333333,0.0275,2
road791.png,0.4583333333333333,0.53875,0.10333333333333333,0.0825,2
road791.png,0.6533333333333333,0.70625,0.04,0.0325,2
road792.png,0.41333333333333333,0.59625,0.12666666666666668,0.0975,2
road792.png,0.5066666666666667,0.8025,0.04,0.03,2
road793.png,0.405,0.54125,0.15666666666666668,0.1225,2
road793.png,0.335,0.7975,0.043333333333333335,0.035,2
road794.png,0.44,0.61,0.20666666666666667,0.155,2
road794.png,0.085,0.945,0.043333333333333335,0.04,2
road795.png,0.5383333333333333,0.6175,0.27,0.2,2
road796.png,0.47833333333333333,0.45125,0.07,0.0525,2
road797.png,0.6516666666666666,0.43375,0.08333333333333333,0.0625,2
road798.png,0.7083333333333334,0.39875,0.11,0.0775,2
road799.png,0.6233333333333333,0.515,0.12666666666666668,0.095,2
road8.png,0.275,0.3466666666666667,0.095,0.21333333333333335,0
road8.png,0.64875,0.445,0.0725,0.19666666666666666,0
road80.png,0.4925,0.50125,0.92,0.9125,1
road800.png,0.71,0.52,0.16,0.12,2
road801.png,0.6,0.4025,0.2,0.15,2
road802.png,0.4816666666666667,0.5375,0.07666666666666666,0.055,2
road803.png,0.5266666666666666,0.585,0.1,0.075,2
road804.png,0.6533333333333333,0.4925,0.12666666666666668,0.095,2
road805.png,0.6383333333333333,0.4225,0.19,0.14,2
road806.png,0.485,0.3475,0.27,0.2,2
road807.png,0.4716666666666667,0.52,0.056666666666666664,0.04,2
road808.png,0.4166666666666667,0.5225,0.06666666666666667,0.05,2
road809.png,0.485,0.52625,0.10333333333333333,0.0775,2
road81.png,0.48,0.285,0.49333333333333335,0.365,1
road810.png,0.49666666666666665,0.4875,0.13333333333333333,0.1,2
road811.png,0.45,0.515,0.18,0.13,2
road812.png,0.3883333333333333,0.5075,0.22333333333333333,0.165,2
road813.png,0.37,0.4625,0.08666666666666667,0.06,2
road814.png,0.455,0.44,0.11,0.085,2
road815.png,0.4766666666666667,0.43125,0.13333333333333333,0.1025,2
road816.png,0.39166666666666666,0.51375,0.17,0.1275,2
road817.png,0.5066666666666667,0.50125,0.23333333333333334,0.1725,2
road818.png,0.6133333333333333,0.54125,0.34,0.2625,2
road819.png,0.375,0.41875,0.08333333333333333,0.0625,1
road819.png,0.37,0.53,0.05333333333333334,0.1,0
road819.png,0.335,0.54625,0.023333333333333334,0.0625,0
road819.png,0.32,0.4475,0.03333333333333333,0.055,0
road819.png,0.25333333333333335,0.57125,0.03333333333333333,0.0525,0
road819.png,0.22166666666666668,0.57625,0.03,0.0375,0
road82.png,0.49812734082397003,0.32625,0.5617977528089888,0.3775,1
road820.png,0.2816666666666667,0.58875,0.03666666666666667,0.0575,0
road820.png,0.46,0.6325,0.07333333333333333,0.15,0
road820.png,0.4066666666666667,0.655,0.04,0.095,0
road820.png,0.46166666666666667,0.47125,0.11666666666666667,0.0875,1
road820.png,0.15666666666666668,0.74125,0.02666666666666667,0.0375,0
road820.png,0.20166666666666666,0.7325,0.03666666666666667,0.06,0
road820.png,0.55,0.59875,0.10666666666666667,0.0825,3
road820.png,0.8433333333333334,0.72125,0.04,0.0425,3
road821.png,0.44,0.32375,0.16,0.1175,1
road821.png,0.5666666666666667,0.49625,0.15333333333333332,0.1225,3
road821.png,0.4483333333333333,0.5425,0.09666666666666666,0.205,0
road821.png,0.37,0.57875,0.05333333333333334,0.1325,0
road821.png,0.1,0.5725,0.05333333333333334,0.07,0
road821.png,0.011666666666666667,0.73375,0.023333333333333334,0.0625,0
road821.png,0.31666666666666665,0.7175,0.09333333333333334,0.105,0
road821.png,0.75,0.7075,0.04666666666666667,0.05,3
road822.png,0.155,0.825,0.07666666666666666,0.11,0
road822.png,0.36333333333333334,0.605,0.08666666666666667,0.18,0
road822.png,0.47833333333333333,0.555,0.13,0.275,0
road822.png,0.6166666666666667,0.49625,0.19333333333333333,0.1625,3
road822.png,0.45666666666666667,0.27125,0.20666666666666667,0.1575,1
road822.png,0.64,0.82125,0.06,0.0575,3
road823.png,0.5,0.23,0.28,0.215,1
road823.png,0.7466666666666667,0.54875,0.23333333333333334,0.2275,3
road823.png,0.56,0.61375,0.19333333333333333,0.3875,0
road823.png,0.38333333333333336,0.7,0.12666666666666668,0.265,0
road824.png,0.5083333333333333,0.17,0.33666666666666667,0.27,1
road824.png,0.825,0.565,0.25666666666666665,0.28,3
road824.png,0.6133333333333333,0.6275,0.25333333333333335,0.49,0
road824.png,0.36833333333333335,0.75125,0.16333333333333333,0.3375,0
road825.png,0.04833333333333333,0.8725,0.06333333333333334,0.07,0
road825.png,0.5483333333333333,0.54125,0.12333333333333334,0.2375,0
road825.png,0.43,0.60125,0.08,0.1575,0
road825.png,0.5033333333333333,0.32375,0.16,0.1275,1
road825.png,0.6533333333333333,0.5125,0.12,0.135,3
road825.png,0.31666666666666665,0.8675,0.03333333333333333,0.035,3
road826.png,0.6,0.44125,0.05333333333333334,0.0625,3
road826.png,0.5516666666666666,0.4475,0.056666666666666664,0.11,0
road826.png,0.49833333333333335,0.475,0.03666666666666667,0.07,0
road826.png,0.30833333333333335,0.5975,0.03666666666666667,0.04,0
road826.png,0.20333333333333334,0.60375,0.013333333333333334,0.0175,0
road826.png,0.23666666666666666,0.5575,0.013333333333333334,0.02,0
road826.png,0.745,0.58875,0.03,0.0225,3
road826.png,0.43166666666666664,0.5975,0.016666666666666666,0.015,3
road827.png,0.49666666666666665,0.35125,0.19333333333333333,0.1475,2
road828.png,0.48833333333333334,0.37375,0.21666666666666667,0.1625,2
road829.png,0.435,0.44125,0.24333333333333335,0.1775,2
road83.png,0.7715355805243446,0.48625,0.18726591760299627,0.1175,1
road830.png,0.41,0.36125,0.28,0.2025,2
road831.png,0.39666666666666667,0.39,0.3333333333333333,0.24,2
road832.png,0.45,0.25375,0.4066666666666667,0.2975,2
road833.png,0.44333333333333336,0.41125,0.08666666666666667,0.0625,2
road834.png,0.46166666666666667,0.40375,0.11666666666666667,0.0875,2
road835.png,0.47333333333333333,0.3675,0.14,0.105,2
road836.png,0.585,0.3875,0.20333333333333334,0.15,2
road837.png,0.7583333333333333,0.1975,0.2833333333333333,0.21,2
road838.png,0.39,0.43125,0.08,0.0575,2
road838.png,0.44166666666666665,0.645,0.08333333333333333,0.07,3
road839.png,0.43333333333333335,0.3525,0.1,0.07,2
road839.png,0.505,0.63,0.09666666666666666,0.075,3
road84.png,0.5018656716417911,0.29625,0.27238805970149255,0.1675,1
road840.png,0.46,0.29125,0.12,0.0875,2
road840.png,0.5416666666666666,0.6275,0.12333333333333334,0.095,3
road841.png,0.425,0.41125,0.13666666666666666,0.1025,2
road841.png,0.5216666666666666,0.8,0.14333333333333334,0.11,3
road842.png,0.33166666666666667,0.445,0.17,0.125,2
road842.png,0.44333333333333336,0.92875,0.17333333333333334,0.1375,3
road843.png,0.365,0.3975,0.21,0.155,2
road843.png,0.5133333333333333,0.96625,0.22,0.0675,3
road844.png,0.49666666666666665,0.31625,0.26666666666666666,0.1975,2
road845.png,0.56,0.5025,0.07333333333333333,0.055,2
road845.png,0.9316666666666666,0.62,0.08333333333333333,0.065,3
road845.png,0.8683333333333333,0.6525,0.056666666666666664,0.115,0
road846.png,0.7266666666666667,0.6275,0.06666666666666667,0.135,0
road846.png,0.805,0.59125,0.10333333333333333,0.0825,3
road846.png,0.33,0.455,0.08666666666666667,0.065,2
road847.png,0.3933333333333333,0.4325,0.1,0.07,2
road847.png,0.9433333333333334,0.62625,0.08,0.1675,0
road848.png,0.635,0.2925,0.12333333333333334,0.095,2
road849.png,0.4083333333333333,0.34875,0.05,0.0425,2
road85.png,0.5166666666666667,0.54625,0.5,0.3675,1
road850.png,0.29333333333333333,0.33,0.06,0.045,2
road851.png,0.4116666666666667,0.32125,0.07,0.0525,2
road852.png,0.46,0.39625,0.08,0.0575,2
road853.png,0.39,0.36625,0.09333333333333334,0.0675,2
road854.png,0.445,0.365,0.11,0.08,2
road855.png,0.38,0.26375,0.13333333333333333,0.0975,2
road856.png,0.5033333333333333,0.2325,0.14666666666666667,0.11,2
road857.png,0.48,0.375,0.20666666666666667,0.155,2
road858.png,0.43166666666666664,0.385,0.07,0.05,2
road859.png,0.4683333333333333,0.40875,0.08333333333333333,0.0625,2
road86.png,0.49625,0.5056179775280899,0.2775,0.41198501872659177,1
road860.png,0.215,0.3875,0.11666666666666667,0.085,2
road861.png,0.49,0.31,0.16,0.12,2
road862.png,0.835,0.1625,0.24333333333333335,0.18,2
road863.png,0.4666666666666667,0.42375,0.08,0.0625,2
road863.png,0.30833333333333335,0.64375,0.03,0.0225,3
road864.png,0.16,0.63125,0.02666666666666667,0.0175,3
road864.png,0.46166666666666667,0.34625,0.10333333333333333,0.0775,2
road865.png,0.5783333333333334,0.25625,0.11666666666666667,0.0875,2
road865.png,0.14333333333333334,0.5975,0.02666666666666667,0.02,3
road866.png,0.265,0.43125,0.15666666666666668,0.1125,2
road867.png,0.3283333333333333,0.37625,0.17,0.1275,2
road868.png,0.4166666666666667,0.35625,0.22,0.1675,2
road869.png,0.41833333333333333,0.415,0.2833333333333333,0.21,2
road87.png,0.495,0.49625468164794007,0.295,0.43820224719101125,1
road870.png,0.7483333333333333,0.255,0.3433333333333333,0.255,2
road871.png,0.455,0.51875,0.09,0.0675,2
road872.png,0.335,0.54875,0.11,0.0825,2
road872.png,0.7583333333333333,0.6725,0.03666666666666667,0.035,1
road873.png,0.39166666666666666,0.56125,0.03,0.0325,2
road873.png,0.3433333333333333,0.45625,0.12,0.0925,2
road873.png,0.72,0.61125,0.04,0.0325,1
road874.png,0.38166666666666665,0.37875,0.14333333333333334,0.1125,2
road874.png,0.3,0.5275,0.04,0.03,2
road874.png,0.6616666666666666,0.57875,0.043333333333333335,0.0375,1
road875.png,0.185,0.63625,0.03666666666666667,0.0325,2
road875.png,0.44166666666666665,0.41875,0.18333333333333332,0.1325,2
road875.png,0.57,0.68875,0.04666666666666667,0.0425,1
road876.png,0.3,0.76375,0.04666666666666667,0.0425,1
road88.png,0.5468164794007491,0.46125,0.27715355805243447,0.1925,1
road89.png,0.6875,0.23782771535580524,0.13,0.20599250936329588,1
road9.png,0.3983333333333333,0.56875,0.25666666666666665,0.5425,0
road90.png,0.52625,0.50187265917603,0.1925,0.299625468164794,1
road91.png,0.5025,0.75125,0.23,0.2875,1
road92.png,0.4925,0.46441947565543074,0.355,0.6591760299625468,1
road93.png,0.66625,0.40293040293040294,0.4375,0.63003663003663,1
road94.png,0.51875,0.5083056478405316,0.5525,0.5913621262458472,1
road95.png,0.5966666666666667,0.4475,0.5933333333333334,0.39,1
road96.png,0.66875,0.4438202247191011,0.2925,0.45318352059925093,1
road97.png,0.215,0.41198501872659177,0.22,0.3295880149812734,1
road98.png,0.6425,0.49063670411985016,0.595,0.8539325842696629,1
road99.png,0.49250936329588013,0.31125,0.6779026217228464,0.4475,1
